atName1,resName1,atElement1,atName2,resName2,resNum2,atElement2,rho,laplacian,L1,L2,L3,distance,Angle,XYZ,pdb id,role
CL1,CP6,CL,HG,LEU,90,H,0.01546,0.056759,-0.015755,-0.014603,0.087117,2.431611,138.712688,[13.232 30.693 44.28 ],3qfx,H-bond donor
CL1,CP6,CL,HG21,THR,86,H,0.007679,0.029983,-0.005928,-0.002163,0.038073,2.917601,86.132441,[17.309 32.505 45.637],3qfx,H-bond donor
CL,03P,CL,HB3,LEU,788,H,0.005003,0.017184,-0.003488,-0.003103,0.023775,3.064441,121.166055,[15.711 32.118 47.046],3poz,H-bond donor
CL,03P,CL,HB3,LYS,745,H,0.0071,0.02708,-0.004694,-0.002788,0.034562,2.93569,69.676008,[17.41  31.297 43.783],3poz,H-bond donor
CL,03P,CL,HG22,THR,790,H,0.009303,0.034896,-0.007946,-0.006557,0.049399,2.753528,95.414647,[12.39  32.559 42.738],3poz,H-bond donor
CL1,MS9,CL,HB,ILE,432,H,0.004717,0.017215,-0.003135,-0.002721,0.023071,3.05434,137.501776,[15.209 30.084 45.989],3ms9,H-bond donor
CL1,MS9,CL,HB2,ALA,344,H,0.001366,0.004101,-0.000676,-0.000432,0.005209,3.740311,91.856489,[14.504 29.6   41.789],3ms9,H-bond donor
CL1,MS9,CL,HG22,ILE,432,H,0.004755,0.017227,-0.00298,-0.002152,0.022359,3.158615,92.046822,[17.352 31.06  45.257],3ms9,H-bond donor
CL1,MS9,CL,HD21,LEU,429,H,0.003621,0.012067,-0.002432,-0.002306,0.016805,3.218418,116.623335,[12.107 31.04  43.039],3ms9,H-bond donor
CL1,MS9,CL,HB2,ALA,433,H,0.006175,0.02161,-0.004845,-0.004465,0.030921,2.932935,98.031119,[14.725 34.439 46.343],3ms9,H-bond donor
CL1,MS9,CL,HB2,LEU,429,H,0.001771,0.005646,-0.00073,-0.000237,0.006613,3.600981,137.309919,[11.299 32.105 45.086],3ms9,H-bond donor
CL1,22S,CL,HB3,ALA,383,H,0.004727,0.018284,-0.003362,-0.003329,0.024974,2.959698,154.872819,[12.893 32.092 46.458],3ms7,H-bond donor
CL1,22S,CL,HA,ASN,284,H,0.00577,0.019813,-0.004357,-0.00378,0.02795,2.997342,103.116256,[13.184 34.554 45.659],3ms7,H-bond donor
CL1,G00,CL,HG3,GLN,134,H,0.004243,0.014348,-0.002882,-0.002612,0.019842,3.124125,115.696648,[16.351 30.231 45.624],3kmx,H-bond donor
CL1,G00,CL,HA2,GLY,135,H,0.005448,0.021423,-0.004289,-0.004164,0.029876,2.858289,159.00804,[12.684 30.86  45.26 ],3kmx,H-bond donor
CL1,G00,CL,HE22,GLN,134,H,0.004661,0.017143,-0.003014,-0.001984,0.022141,3.05114,74.108322,[17.113 30.728 43.352],3kmx,H-bond donor
CL1,G00,CL,HD1,PHE,169,H,0.005296,0.018658,-0.004246,-0.003897,0.026801,2.99884,99.357331,[12.102 33.857 43.924],3kmx,H-bond donor
CL10,LO2,CL,HB2,LEU,258,H,0.006427,0.023998,-0.004343,-0.002087,0.030428,3.029992,109.764543,[12.853 30.673 42.671],3fal,H-bond donor
CL10,LO2,CL,HB2,ALA,259,H,0.006399,0.022566,-0.005303,-0.004624,0.032493,2.914168,96.508826,[16.918 30.649 44.809],3fal,H-bond donor
CL10,LO2,CL,HD1,PHE,255,H,0.002356,0.008007,-0.001528,-0.001377,0.010912,3.369655,131.64396,[12.157 33.303 46.091],3fal,H-bond donor
CL1,GWE,CL,HG23,VAL,179,H,0.00664,0.023746,-0.005267,-0.005164,0.034176,2.875143,119.271755,[13.211 30.22  43.274],3dlg,H-bond donor
CL1,GWE,CL,HB2,TYR,188,H,0.003252,0.010282,-0.001767,-0.000911,0.012959,3.397303,87.081564,[16.067 34.546 46.503],3dlg,H-bond donor
CL,Z96,CL,HD1,TYR,166,H,0.003492,0.012111,-0.002502,-0.002041,0.016654,3.228809,91.656224,[17.434 31.544 45.674],3ksq,H-bond donor
CL6,8CL,CL,HB3,LEU,36,H,0.009253,0.033238,-0.008382,-0.007721,0.049341,2.700165,120.524219,[15.659 30.079 44.974],3g4w,H-bond donor
CL6,8CL,CL,HG13,VAL,121,H,0.003683,0.011911,-0.002502,-0.002201,0.016614,3.204121,93.249994,[13.319 30.749 41.87 ],3g4w,H-bond donor
CL6,8CL,CL,HD21,LEU,36,H,0.005297,0.018159,-0.003945,-0.003551,0.025654,3.015539,84.95827,[17.448 31.847 45.351],3g4w,H-bond donor
CL6,8CL,CL,HB2,ASN,32,H,0.006506,0.02304,-0.005365,-0.005017,0.033421,2.874575,118.632135,[11.891 32.475 43.951],3g4w,H-bond donor
CL6,8CL,CL,HE1,MET,74,H,0.00469,0.016602,-0.003054,-0.002282,0.021937,3.139721,86.317171,[13.649 35.23  45.192],3g4w,H-bond donor
CL28,JZL,CL,HD3,LYS,116,H,0.00986,0.036911,-0.008872,-0.007796,0.053579,2.685352,119.693269,[15.391 29.905 44.564],3jzi,H-bond donor
CL28,JZL,CL,HB2,GLU,288,H,0.008722,0.032695,-0.00789,-0.007302,0.047887,2.687509,134.896433,[15.201 31.538 46.623],3jzi,H-bond donor
CL28,JZL,CL,HG2,LYS,116,H,0.007995,0.029266,-0.006001,-0.004776,0.040043,2.856936,77.615968,[15.634 30.499 42.285],3jzi,H-bond donor
CL28,JZL,CL,HH,TYR,199,H,0.006965,0.028018,-0.005327,-0.003778,0.037123,2.815856,82.932636,[13.106 32.018 41.91 ],3jzi,H-bond donor
CL30,ESH,CL,HA,ASN,98,H,0.005547,0.023805,-0.004299,-0.003819,0.031922,2.847522,153.892754,[14.429 30.445 46.141],2cf8,H-bond donor
CL30,ESH,CL,HG,LEU,99,H,0.003108,0.010748,-0.002103,-0.001682,0.014534,3.254311,75.494225,[17.377 30.657 43.555],2cf8,H-bond donor
CL30,ESH,CL,HG22,ILE,174,H,0.002203,0.007652,-0.001367,-0.000283,0.009302,3.426501,124.087854,[14.592 33.169 47.515],2cf8,H-bond donor
CL30,ESH,CL,HD13,ILE,174,H,0.007288,0.028491,-0.006538,-0.006112,0.04114,2.802585,117.901684,[12.996 33.843 45.871],2cf8,H-bond donor
CL1,GFA,CL,HG12,VAL,179,H,0.002078,0.006686,-0.001131,-0.00097,0.008788,3.53728,115.723064,[14.758 29.022 43.604],3dle,H-bond donor
CL1,GFA,CL,HB,VAL,179,H,0.001836,0.005623,-0.000739,-0.000636,0.006998,3.649609,101.18584,[13.225 30.024 41.969],3dle,H-bond donor
CL1,GFA,CL,HB2,TYR,188,H,0.003069,0.009683,-0.001561,-0.000959,0.012203,3.427774,90.343173,[15.536 34.81  46.562],3dle,H-bond donor
CL1,WPF,CL,HG22,VAL,53,H,0.002434,0.008061,-0.001166,-0.000625,0.009852,3.498785,136.462115,[11.616 30.828 44.221],2wpf,H-bond donor
CL1,WPF,CL,HD12,LEU,17,H,0.013694,0.04888,-0.013314,-0.012261,0.074455,2.527407,87.535462,[16.35  30.556 43.763],2wpf,H-bond donor
CL1,WPF,CL,HA,SER,14,H,0.006113,0.020376,-0.00492,-0.004764,0.030061,2.927787,88.446147,[16.483 33.433 46.297],2wpf,H-bond donor
CL1,CP6,CL,HG13,ILE,121,H,0.003968,0.014286,-0.002527,-0.001812,0.018624,3.243874,116.535511,[16.076 32.042 47.037],2bla,H-bond donor
CL1,CP6,CL,HD22,ASN,117,H,0.007705,0.028337,-0.005539,-0.004075,0.037951,2.836681,94.429749,[13.594 30.928 42.069],2bla,H-bond donor
CL1,CP6,CL,HB2,ASN,117,H,0.01161,0.041519,-0.011001,-0.009229,0.061749,2.625188,114.651045,[12.195 32.545 43.677],2bla,H-bond donor
CL,WPE,CL,HD12,LEU,17,H,0.009547,0.03254,-0.00842,-0.008048,0.049008,2.706815,87.071482,[15.916 30.27  43.117],2wpe,H-bond donor
CL,WPE,CL,HE2,TYR,110,H,0.007672,0.027274,-0.006311,-0.006065,0.03965,2.814509,98.654753,[13.181 30.974 42.37 ],2wpe,H-bond donor
CL,WPE,CL,HA,SER,14,H,0.006027,0.020239,-0.00467,-0.004448,0.029357,2.942166,88.422658,[16.296 33.757 46.313],2wpe,H-bond donor
CL1,CBN,CL,HA,ILE,78,H,0.005336,0.018189,-0.003686,-0.002609,0.024484,3.014167,119.150291,[16.031 30.087 45.485],1kzn,H-bond donor
CL1,CBN,CL,HD3,PRO,79,H,0.009565,0.032373,-0.008651,-0.008096,0.04912,2.702361,88.287034,[16.277 30.335 43.503],1kzn,H-bond donor
CL1,CBN,CL,HB3,ARG,76,H,0.002774,0.008782,-0.001799,-0.001574,0.012154,3.346438,113.071069,[11.484 32.323 43.381],1kzn,H-bond donor
CL3,FMM,CL,HB3,LYS,745,H,0.009645,0.037475,-0.007449,-0.005392,0.050316,2.745581,71.68339,[17.22  31.3   43.767],1xkk,H-bond donor
CL3,FMM,CL,HB3,LEU,788,H,0.00672,0.023793,-0.005195,-0.004601,0.03359,2.906275,118.170643,[15.879 32.22  46.804],1xkk,H-bond donor
CL3,FMM,CL,HG22,THR,790,H,0.007642,0.028017,-0.006193,-0.005349,0.039559,2.845246,88.921264,[12.452 32.915 42.548],1xkk,H-bond donor
CL,WP6,CL,HA,SER,14,H,0.004016,0.0132,-0.002744,-0.002054,0.017998,3.159107,86.387309,[13.339 31.159 41.654],2wp6,H-bond donor
CL,WP6,CL,HA3,GLY,49,H,0.004048,0.014409,-0.002563,-0.001334,0.018306,3.150511,129.126751,[13.766 33.269 47.042],2wp6,H-bond donor
CL,WP6,CL,HE2,TYR,110,H,0.007104,0.025151,-0.005465,-0.004688,0.035304,2.900589,103.099282,[16.154 32.938 46.651],2wp6,H-bond donor
CL,WP6,CL,HD12,LEU,17,H,0.007176,0.024561,-0.005649,-0.005612,0.035822,2.84454,80.332261,[13.797 35.076 44.804],2wp6,H-bond donor
CLA,WP7,CL,HG22,VAL,53,H,0.002104,0.007202,-0.001088,-0.000197,0.008487,3.60135,131.36612,[15.484 31.43  47.476],2wpc,H-bond donor
CLA,WP7,CL,HA,SER,14,H,0.004775,0.015703,-0.003505,-0.002513,0.021722,3.069429,89.396493,[13.103 31.402 41.775],2wpc,H-bond donor
CLA,WP7,CL,HA3,GLY,49,H,0.002802,0.009075,-0.001441,-0.000843,0.011359,3.366969,124.71837,[13.185 33.736 46.808],2wpc,H-bond donor
CLA,WP7,CL,HE2,TYR,110,H,0.005666,0.020091,-0.004234,-0.00391,0.028235,2.978977,104.732098,[15.623 33.464 46.794],2wpc,H-bond donor
CLA,WP7,CL,HD12,LEU,17,H,0.008697,0.029343,-0.007353,-0.007165,0.043861,2.75697,84.330806,[13.632 34.912 44.784],2wpc,H-bond donor
CL1,CP6,CL,HG12,ILE,121,H,0.006044,0.023758,-0.004077,-0.003057,0.030892,2.979343,138.187159,[15.292 30.758 46.465],2bl9,H-bond donor
CL1,CP6,CL,HD12,ILE,121,H,0.005101,0.018362,-0.003805,-0.002784,0.024951,3.069725,103.447471,[16.21  32.995 46.791],2bl9,H-bond donor
CL1,CP6,CL,HB2,SER,117,H,0.00841,0.02999,-0.007562,-0.006795,0.044348,2.768995,108.172941,[12.566 33.98  44.879],2bl9,H-bond donor
CL1,GVQ,CL,HA,ARG,56,H,0.010788,0.040919,-0.008988,-0.007008,0.056915,2.700661,106.425538,[12.19  32.584 43.329],2uw8,H-bond donor
CL1,CP6,CL,HB2,ASN,108,H,0.006115,0.022602,-0.003694,-0.001356,0.027653,3.083859,114.571303,[16.381 30.176 45.13 ],1j3j,H-bond donor
CL1,CP6,CL,HD12,ILE,112,H,0.004235,0.014915,-0.002991,-0.002121,0.020027,3.16715,106.783874,[13.112 30.241 42.311],1j3j,H-bond donor
CL1,CP6,CL,HG12,ILE,112,H,0.004911,0.019025,-0.00291,-0.001689,0.023624,3.123977,139.502247,[11.975 31.197 44.264],1j3j,H-bond donor
CL1,7HM,CL,HB2,MET,414,H,0.002606,0.00853,-0.001635,-0.001324,0.011489,3.362212,90.777058,[17.482 30.631 44.821],5tri,H-bond donor
CL1,7HM,CL,HB3,LEU,384,H,0.008339,0.029993,-0.006962,-0.006313,0.043268,2.790444,113.163746,[12.035 33.077 44.151],5tri,H-bond donor
CL1,7HM,CL,HB2,PRO,197,H,0.011864,0.042099,-0.011593,-0.010944,0.064636,2.582881,105.433584,[14.95  33.778 46.377],5tri,H-bond donor
CL1,7HM,CL,HD12,LEU,384,H,0.004718,0.016196,-0.002303,-0.001795,0.020294,3.192298,81.3538,[13.022 35.164 44.243],5tri,H-bond donor
CL1,93J,CL,HB2,LEU,185,H,0.002264,0.007252,-0.001042,-0.000741,0.009035,3.506473,122.167195,[13.519 29.309 43.331],5vcw,H-bond donor
CL1,93J,CL,HG21,THR,187,H,0.010856,0.040095,-0.009769,-0.009331,0.059195,2.645226,107.622507,[16.222 30.376 44.765],5vcw,H-bond donor
CL1,93J,CL,H,LYS,139,H,0.007161,0.027246,-0.005364,-0.00314,0.03575,2.821848,132.220039,[12.048 32.545 44.885],5vcw,H-bond donor
CL1,93J,CL,HB3,LYS,139,H,0.006667,0.024216,-0.004624,-0.003762,0.032602,2.941074,76.114934,[12.709 33.862 42.532],5vcw,H-bond donor
CL1,7E3,CL,HB2,HIS,524,H,0.007087,0.028248,-0.004692,-0.003075,0.036015,2.899092,71.688649,[17.51  31.556 44.161],5tm4,H-bond donor
CL1,7E3,CL,HG12,VAL,418,H,0.001344,0.004057,-0.000662,-0.000218,0.004938,3.781918,90.892913,[12.081 31.829 41.554],5tm4,H-bond donor
CL1,7E3,CL,HB3,MET,421,H,0.002183,0.007165,-0.001059,-0.000505,0.008728,3.518478,81.095268,[12.157 34.482 42.861],5tm4,H-bond donor
CL,9FN,CL,HA2,GLY,69,H,0.000916,0.002694,-0.000497,-0.000425,0.003616,3.956694,105.988283,[13.397 29.324 42.225],5o0h,H-bond donor
CL,9FN,CL,HA,LEU,36,H,0.006211,0.024222,-0.004195,-0.002546,0.030963,3.005191,93.773206,[16.846 30.338 44.375],5o0h,H-bond donor
CL,9FN,CL,HB3,ALA,34,H,0.006791,0.026259,-0.005339,-0.003622,0.035221,2.909819,132.67782,[11.982 31.653 44.27 ],5o0h,H-bond donor
CL,9FN,CL,HB3,LEU,36,H,0.006585,0.024522,-0.004485,-0.002503,0.03151,2.930789,68.651003,[17.615 32.563 44.836],5o0h,H-bond donor
CL,9FN,CL,HB3,PRO,7,H,0.001577,0.004908,-0.000519,-1.6e-05,0.005443,3.872736,72.279085,[14.228 36.251 44.932],5o0h,H-bond donor
CL,1N1,CL,H,THR,264,H,0.004699,0.017674,-0.003151,-0.001514,0.022339,3.030631,112.489478,[16.332 30.129 45.19 ],5h2u,H-bond donor
CL,1N1,CL,HB1,ALA,217,H,0.004626,0.017044,-0.002975,-0.00202,0.022039,3.149252,117.780531,[15.648 32.608 47.148],5h2u,H-bond donor
CL,1N1,CL,HG2,LYS,219,H,0.004243,0.014653,-0.002761,-0.001654,0.019068,3.135288,72.673924,[12.762 34.417 42.672],5h2u,H-bond donor
CL1,69Z,CL,HD2,ARG,356,H,0.004887,0.015927,-0.003736,-0.003131,0.022793,3.060216,119.058058,[11.758 32.062 43.675],5icp,H-bond donor
CL1,69Z,CL,HA2,GLY,28,H,0.003974,0.014157,-0.002555,-0.001591,0.018302,3.205807,84.226653,[16.655 33.87  46.319],5icp,H-bond donor
CL1,69Z,CL,HG23,VAL,27,H,0.004658,0.016025,-0.003222,-0.002893,0.022139,3.110602,94.608162,[13.377 34.941 45.456],5icp,H-bond donor
CL,6SQ,CL,H,ASP,169,H,0.004291,0.015953,-0.00255,-0.001281,0.019783,3.058484,139.639766,[13.093 29.873 44.289],5kgt,H-bond donor
CL,6SQ,CL,HB3,TYR,157,H,0.003564,0.011837,-0.002286,-0.002122,0.016245,3.219969,96.684404,[17.234 30.884 45.453],5kgt,H-bond donor
CL,6SQ,CL,HB2,CYS,168,H,0.004306,0.014076,-0.003003,-0.002743,0.019821,3.108156,90.55944,[14.229 30.269 42.022],5kgt,H-bond donor
CL,6SQ,CL,HB2,ASP,169,H,0.007629,0.02802,-0.006284,-0.005849,0.040153,2.782292,139.617385,[12.113 32.17  45.076],5kgt,H-bond donor
CL,6SQ,CL,HA3,GLY,227,H,0.00443,0.015657,-0.003273,-0.002781,0.021711,3.12298,104.750073,[15.388 33.72  46.953],5kgt,H-bond donor
CL,6SQ,CL,HA2,GLY,172,H,0.005669,0.020051,-0.004174,-0.003996,0.028221,2.969888,80.228325,[13.076 34.92  44.117],5kgt,H-bond donor
CL,FYK,CL,HB2,PHE,430,H,0.003923,0.012783,-0.002479,-0.002266,0.017528,3.180226,97.691005,[16.055 29.659 43.513],5mzi,H-bond donor
CL,FYK,CL,HB2,ALA,431,H,0.01677,0.061252,-0.017421,-0.01618,0.094853,2.39805,129.883349,[15.007 32.357 46.53 ],5mzi,H-bond donor
CL,FYK,CL,HD21,LEU,427,H,0.001474,0.004267,-0.000643,-0.000512,0.005422,3.776966,97.077834,[11.699 31.952 42.015],5mzi,H-bond donor
CL,FYK,CL,HG11,VAL,446,H,0.003752,0.012356,-0.002662,-0.002399,0.017416,3.171587,123.405065,[12.58  33.753 46.07 ],5mzi,H-bond donor
CL,FYK,CL,HG21,VAL,446,H,0.002492,0.007654,-0.001178,-0.000938,0.00977,3.457002,93.083436,[14.717 35.072 46.454],5mzi,H-bond donor
CL,8EQ,CL,HB2,PHE,430,H,0.004793,0.016038,-0.003329,-0.003246,0.022613,3.057974,88.064069,[16.237 30.007 43.156],5mzc,H-bond donor
CL,8EQ,CL,HB3,LEU,427,H,0.005469,0.019051,-0.004258,-0.003841,0.02715,2.985429,121.857955,[12.107 31.324 43.486],5mzc,H-bond donor
CL,8EQ,CL,HB2,ALA,431,H,0.015593,0.055828,-0.016287,-0.015055,0.08717,2.440383,120.98959,[15.532 32.281 46.456],5mzc,H-bond donor
CL,8EQ,CL,HG11,VAL,446,H,0.004798,0.016468,-0.003639,-0.003396,0.023503,3.026168,129.305059,[12.849 33.458 46.281],5mzc,H-bond donor
CL,8EQ,CL,HA,VAL,446,H,0.002239,0.006749,-0.00124,-0.000668,0.008657,3.491966,85.734299,[13.33  35.548 45.059],5mzc,H-bond donor
CL1,70R,CL,HB3,MET,231,H,0.004668,0.016641,-0.003492,-0.002803,0.022935,3.092539,108.580123,[16.322 29.886 44.751],5lof,H-bond donor
CL1,70R,CL,HB3,ALA,227,H,0.004991,0.017804,-0.003694,-0.003197,0.024694,3.05003,116.668059,[12.227 31.135 43.112],5lof,H-bond donor
CL1,70R,CL,HD1,PHE,228,H,0.005276,0.019072,-0.004096,-0.003621,0.02679,2.986723,125.967984,[12.814 33.559 46.142],5lof,H-bond donor
CL06,4ZC,CL,HG2,PRO,120,H,0.003523,0.011709,-0.002329,-0.002112,0.01615,3.255595,95.250611,[17.33  30.835 45.289],5cbi,H-bond donor
CL06,4ZC,CL,HB1,ALA,619,H,0.003324,0.011273,-0.001824,-0.001092,0.01419,3.356403,108.817152,[16.489 32.426 47.048],5cbi,H-bond donor
CL06,4ZC,CL,HE1,MET,631,H,0.003413,0.011525,-0.002139,-0.001674,0.015338,3.298134,93.838516,[12.68  34.958 44.854],5cbi,H-bond donor
CL,5XK,CL,HB2,ALA,735,H,0.008933,0.03166,-0.008101,-0.007428,0.047189,2.729055,113.606954,[13.228 33.997 45.804],5fh8,H-bond donor
CL,8IR,CL,HE1,HIS,1031,H,0.003358,0.011653,-0.002062,-0.001354,0.015069,3.336823,119.808954,[14.568 29.143 43.899],5aeh,H-bond donor
CL,8IR,CL,HB2,SER,1033,H,0.00413,0.016112,-0.002907,-0.002098,0.021117,3.038746,145.256315,[12.151 30.954 44.718],5aeh,H-bond donor
CL,8IR,CL,HB2,TYR,1071,H,0.003959,0.014479,-0.002587,-0.002236,0.019302,3.174131,102.012311,[13.258 34.737 45.839],5aeh,H-bond donor
CL,5WC,CL,HA3,GLY,142,H,0.008427,0.029755,-0.007168,-0.006599,0.043522,2.754692,122.714039,[15.822 30.365 45.569],5fck,H-bond donor
CL,5WC,CL,HA2,GLY,193,H,0.006716,0.022465,-0.005542,-0.004881,0.032889,2.888042,88.878308,[17.22  31.993 45.607],5fck,H-bond donor
CL,5WC,CL,HG3,ARG,151,H,0.004517,0.014761,-0.002558,-0.002254,0.019573,3.175705,85.012383,[13.159 31.363 41.68 ],5fck,H-bond donor
CL,5WC,CL,HD2,HIS,40,H,0.005978,0.021912,-0.004797,-0.004757,0.031466,2.906781,105.633535,[14.761 34.13  46.581],5fck,H-bond donor
CL,5WC,CL,HD3,ARG,151,H,0.004989,0.018949,-0.003225,-0.002214,0.024388,3.103837,85.185507,[12.261 33.483 42.627],5fck,H-bond donor
CL,5XL,CL,HG2,MET,731,H,0.005127,0.018417,-0.00351,-0.001169,0.023096,3.148492,102.867552,[13.299 30.413 42.252],5fh7,H-bond donor
CL,5XL,CL,HB2,ALA,735,H,0.008765,0.031121,-0.007866,-0.00715,0.046138,2.742349,114.520822,[13.15  33.956 45.784],5fh7,H-bond donor
CL4,I98,CL,HA,TYR,48,H,0.004094,0.015175,-0.002225,-0.001205,0.018605,3.061563,154.196859,[13.286 29.987 45.14 ],4qxi,H-bond donor
CL4,I98,CL,HD1,TYR,48,H,0.007794,0.027034,-0.006547,-0.006081,0.039662,2.799275,114.354764,[14.37  29.809 43.437],4qxi,H-bond donor
CL4,I98,CL,HG11,VAL,47,H,0.006911,0.023282,-0.005528,-0.004995,0.033804,2.887276,94.774343,[16.502 30.189 44.035],4qxi,H-bond donor
CL4,I98,CL,HG21,VAL,47,H,0.004734,0.016611,-0.003141,-0.002935,0.022687,3.06407,92.754109,[17.247 31.881 45.838],4qxi,H-bond donor
CL1,713,CL,HB2,MET,103,H,0.004315,0.018057,-0.002731,-0.00255,0.023337,2.988324,167.843784,[13.035 30.598 45.65 ],4qxm,H-bond donor
CL1,713,CL,HG3,MET,103,H,0.003787,0.014889,-0.002305,-0.001976,0.01917,3.14258,143.114711,[14.939 31.25  47.022],4qxm,H-bond donor
CL1,713,CL,HA,GLN,100,H,0.006469,0.022591,-0.005449,-0.005226,0.033266,2.877817,99.775616,[12.155 33.623 43.734],4qxm,H-bond donor
CL,QUP,CL,HA,SER,862,H,0.009458,0.035607,-0.008075,-0.007211,0.050894,2.669742,141.823441,[14.03  32.393 46.746],5aep,H-bond donor
CL,QUP,CL,HG23,VAL,863,H,0.005984,0.020021,-0.004346,-0.004185,0.028552,2.955458,80.100431,[17.253 32.786 45.678],5aep,H-bond donor
CL,QUP,CL,HA,LYS,857,H,0.00579,0.021596,-0.003814,-0.00271,0.02812,3.021229,128.324213,[12.351 33.315 45.821],5aep,H-bond donor
CL,QUP,CL,HE2,LYS,882,H,0.001655,0.004972,-0.001041,-0.001002,0.007015,3.599157,98.817247,[16.797 29.51  44.241],5aep,H-bond donor
CL,AJ5,CL,HA,SER,1033,H,0.004557,0.015693,-0.003196,-0.000911,0.0198,3.086185,122.844237,[15.863 29.935 45.534],4j3l,H-bond donor
CL,AJ5,CL,HD3,PRO,1034,H,0.010626,0.039762,-0.009197,-0.009056,0.058014,2.645077,120.866889,[14.667 29.805 43.9  ],4j3l,H-bond donor
CL,AJ5,CL,HA3,GLY,1074,H,0.007077,0.024863,-0.005789,-0.004793,0.035445,2.898106,110.917019,[12.697 30.932 42.714],4j3l,H-bond donor
CL,AJ5,CL,HB2,TYR,1071,H,0.011492,0.042348,-0.010909,-0.010219,0.063476,2.571179,130.82986,[14.162 32.778 46.621],4j3l,H-bond donor
CL,AJ5,CL,HD1,TYR,1071,H,0.006301,0.022117,-0.005023,-0.004462,0.031602,2.925008,96.660953,[13.198 34.634 45.322],4j3l,H-bond donor
CL,AJ7,CL,HD1,TYR,1071,H,0.006848,0.024032,-0.005598,-0.005003,0.034633,2.88286,98.219425,[15.71  29.871 43.478],4j22,H-bond donor
CL,AJ7,CL,HB2,TYR,1071,H,0.011852,0.04398,-0.01127,-0.010599,0.06585,2.552893,132.306222,[13.382 30.364 44.027],4j22,H-bond donor
CL,AJ7,CL,HA3,GLY,1074,H,0.007173,0.025181,-0.005957,-0.004932,0.03607,2.887745,110.233978,[15.912 32.901 46.802],4j22,H-bond donor
CL,AJ7,CL,HA,SER,1033,H,0.005313,0.018388,-0.004113,-0.003019,0.025519,2.987848,119.568743,[12.003 33.358 44.927],4j22,H-bond donor
CL,AJ7,CL,HD3,PRO,1034,H,0.010638,0.038939,-0.009658,-0.00917,0.057767,2.639001,117.228516,[13.638 33.861 46.142],4j22,H-bond donor
CL9,41O,CL,HB3,TYR,157,H,0.003957,0.013186,-0.002789,-0.002369,0.018343,3.167444,99.120308,[17.105 30.695 45.293],4xjo,H-bond donor
CL9,41O,CL,HB2,CYS,168,H,0.003186,0.010254,-0.002094,-0.001934,0.014282,3.258265,96.878289,[13.725 30.214 42.049],4xjo,H-bond donor
CL9,41O,CL,HB2,ASP,169,H,0.003724,0.013035,-0.002582,-0.00237,0.017987,3.146166,138.657605,[11.783 32.176 45.107],4xjo,H-bond donor
CL9,41O,CL,HA3,GLY,227,H,0.005237,0.018903,-0.004099,-0.003604,0.026607,3.018638,109.084302,[15.344 33.495 46.926],4xjo,H-bond donor
CL9,41O,CL,HA2,GLY,172,H,0.003242,0.011036,-0.002184,-0.001831,0.015051,3.271553,92.476491,[12.555 34.867 44.556],4xjo,H-bond donor
CL,NVX,CL,HG2,LYS,72,H,0.001819,0.005558,-0.000806,-0.000747,0.007111,3.607349,77.895763,[18.143 31.175 44.407],4uj1,H-bond donor
CL1,3G9,CL,HB3,TYR,157,H,0.00398,0.013225,-0.002783,-0.002337,0.018345,3.172421,98.555989,[17.149 30.808 45.387],4w1x,H-bond donor
CL1,3G9,CL,HB2,CYS,168,H,0.003683,0.01196,-0.00251,-0.002335,0.016805,3.182262,94.543461,[13.937 30.232 42.05 ],4w1x,H-bond donor
CL1,3G9,CL,HB2,ASP,169,H,0.003656,0.012716,-0.002523,-0.002288,0.017527,3.160964,137.731677,[11.733 32.109 45.002],4w1x,H-bond donor
CL1,3G9,CL,HA3,GLY,227,H,0.005554,0.020022,-0.004435,-0.003939,0.028396,2.983828,109.582006,[15.335 33.448 46.911],4w1x,H-bond donor
CL1,3G9,CL,HA2,GLY,172,H,0.003941,0.01359,-0.002797,-0.002438,0.018825,3.168135,91.588476,[12.579 34.766 44.433],4w1x,H-bond donor
CL1,2QG,CL,HD3,ARG,349,H,0.006642,0.024745,-0.005406,-0.004814,0.034964,2.868624,121.956724,[14.97  29.629 44.272],4o12,H-bond donor
CL1,2QG,CL,HB2,ARG,349,H,0.002914,0.009357,-0.001488,-0.000794,0.011639,3.399131,80.283583,[15.546 30.052 41.903],4o12,H-bond donor
CL,2C0,CL,HB,ILE,276,H,0.003628,0.012687,-0.002099,-0.001384,0.01617,3.254273,118.437054,[15.54  29.347 44.63 ],4ms4,H-bond donor
CL,2C0,CL,HG23,ILE,276,H,0.005411,0.019489,-0.003469,-0.002905,0.025863,3.039648,74.226195,[16.404 30.449 42.606],4ms4,H-bond donor
CL,2C0,CL,HE1,TYR,279,H,0.006951,0.025947,-0.006032,-0.005472,0.037451,2.801356,134.034699,[14.976 31.948 46.9  ],4ms4,H-bond donor
CL,2C0,CL,HE1,PHE,202,H,0.003746,0.013036,-0.002443,-0.001999,0.017479,3.208178,88.791136,[12.615 31.868 41.83 ],4ms4,H-bond donor
CL,2C0,CL,HA,TYR,250,H,0.007614,0.026247,-0.006191,-0.00608,0.038518,2.80731,115.965377,[13.164 33.941 45.951],4ms4,H-bond donor
CL,2C0,CL,HZ,PHE,202,H,0.00241,0.008309,-0.001367,-0.000724,0.0104,3.467619,92.191491,[11.757 33.836 43.042],4ms4,H-bond donor
CL,2C0,CL,HD1,TYR,250,H,0.00415,0.014208,-0.001415,-0.001024,0.016647,3.279411,70.556635,[14.259 35.663 44.706],4ms4,H-bond donor
CL1,CP6,CL,HB2,SER,108,H,0.009846,0.033902,-0.009021,-0.008529,0.051451,2.69869,104.813227,[16.355 30.408 44.707],3qgt,H-bond donor
CL1,CP6,CL,HD12,ILE,112,H,0.005054,0.01826,-0.003739,-0.002547,0.024546,3.078843,104.644417,[12.526 31.18  42.594],3qgt,H-bond donor
CL1,CP6,CL,HD12,ILE,112,H,0.003681,0.012936,-0.002502,-0.001534,0.016971,3.241158,108.603798,[13.173 30.128 42.734],3qg2,H-bond donor
CL1,CP6,CL,HG12,ILE,112,H,0.004721,0.018119,-0.002822,-0.001558,0.022498,3.148627,137.966023,[11.953 31.262 44.528],3qg2,H-bond donor
CL,JKK,CL,HB2,ASP,270,H,0.006355,0.022343,-0.00532,-0.004946,0.032609,2.896957,92.851319,[15.915 30.004 43.187],4fpf,H-bond donor
CL,JKK,CL,HB3,SER,271,H,0.003946,0.012809,-0.002642,-0.001565,0.017016,3.192161,115.356506,[16.225 31.841 46.892],4fpf,H-bond donor
CL,JKK,CL,H,ASN,352,H,0.013512,0.052348,-0.01343,-0.010168,0.075946,2.492021,122.616212,[12.5   33.165 44.922],4fpf,H-bond donor
CL,JKK,CL,HE1,MET,346,H,0.009483,0.035127,-0.006986,-0.004307,0.046419,2.847709,90.347845,[14.885 34.596 46.042],4fpf,H-bond donor
CL,JKK,CL,HB2,ASN,352,H,0.005095,0.019039,-0.003162,-0.000599,0.022799,3.089876,66.341487,[13.423 35.173 43.387],4fpf,H-bond donor
CL,IV2,CL,HB2,ASN,184,H,0.005389,0.019207,-0.003964,-0.00368,0.026852,3.012272,108.942372,[16.487 30.229 45.118],4cjv,H-bond donor
CL,IV2,CL,HE2,TYR,83,H,0.004693,0.015998,-0.003413,-0.003046,0.022457,3.05893,89.070392,[14.732 30.169 42.166],4cjv,H-bond donor
CL1,W19,CL,HB3,LEU,788,H,0.005668,0.01994,-0.004069,-0.003247,0.027256,3.031385,116.375903,[12.057 31.477 43.203],3w33,H-bond donor
CL1,W19,CL,HG22,THR,790,H,0.007938,0.029305,-0.006428,-0.005398,0.041131,2.834817,88.573771,[17.119 32.194 45.683],3w33,H-bond donor
CLD,I76,CL,HD2,HIS,201,H,0.005613,0.024525,-0.004308,-0.00321,0.032042,2.840529,161.796538,[13.618 30.316 45.537],3v51,H-bond donor
CLD,I76,CL,HG3,GLU,99,H,0.004423,0.014966,-0.003137,-0.002873,0.020976,3.111751,128.311299,[11.756 31.744 44.072],3v51,H-bond donor
CLD,I76,CL,HD13,LEU,103,H,0.004616,0.016635,-0.002965,-0.002203,0.021803,3.129613,78.996832,[12.858 34.938 43.695],3v51,H-bond donor
CL,1TS,CL,HG23,ILE,174,H,0.004607,0.015695,-0.00345,-0.00319,0.022335,3.067169,116.121163,[15.753 29.644 44.657],3utu,H-bond donor
CL,1TS,CL,HA,ASN,98,H,0.007639,0.027049,-0.006154,-0.00528,0.038483,2.870332,99.9031,[16.701 32.37  46.26 ],3utu,H-bond donor
CL,1TS,CL,HB3,LEU,99,H,0.004353,0.014723,-0.002988,-0.001773,0.019484,3.115318,116.26172,[13.267 34.146 46.312],3utu,H-bond donor
CL,1TS,CL,HD21,LEU,99,H,0.003418,0.01123,-0.002067,-0.001726,0.015023,3.258533,76.408139,[13.386 35.45  44.235],3utu,H-bond donor
CL,IRE,CL,HB3,LEU,788,H,0.003341,0.01103,-0.00165,-0.001222,0.013901,3.320651,118.21335,[12.539 30.281 42.869],3ug2,H-bond donor
CL,IRE,CL,HG2,MET,790,H,0.02073,0.075394,-0.022877,-0.022136,0.120407,2.303762,110.007032,[15.935 30.587 44.782],3ug2,H-bond donor
CL,IRE,CL,HB3,LYS,745,H,0.008801,0.032287,-0.006794,-0.005792,0.044873,2.774462,72.812948,[12.934 33.655 42.402],3ug2,H-bond donor
